{"cameraMode":{"drawMode":0,"name":"Shaded","section":"Shading Mode"},"sceneLighting":true,"audioPlay":false,"sceneViewState":{"m_AlwaysRefresh":false,"showFog":true,"showSkybox":true,"showFlares":true,"showImageEffects":true,"showParticleSystems":true,"showVisualEffectGraphs":true,"m_FxEnabled":true},"in2DMode":false,"pivot":{"x":4.065968990325928,"y":-5.832096099853516,"z":1.9365005493164063},"rotation":{"x":-0.00006264723924687132,"y":0.9779069423675537,"z":-0.20905636250972749,"w":-0.0002923531283158809},"size":165.49949645996095,"orthographic":false}